CustomerID,Narrative,OriginalChurnStatus
6302-JGYRJ,"This customer, managing a household with a dependent, utilized DSL internet augmented by Tech Support, accumulating a significant total charge over a One Year contract. Despite this investment in service and assistance, the inherent limitations of DSL likely failed to meet the evolving demands of their household. Their churn suggests a strong dissatisfaction with service performance or perceived value, prompting them to leverage their contract expiry to seek a more capable or cost-effective alternative.",1
2320-JRSDE,"This customer, supporting a dependent, maintained a bare-bones service profile with no internet, reflecting extremely limited needs or significant price sensitivity. Their minimal engagement, indicated by the low TotalCharges and non-existent contract, positioned them as a highly transient user. Their swift churn suggests dissatisfaction even with this basic offering, likely driven by a search for the absolute lowest cost for fundamental communication. This persona prioritizes cost above all else, making loyalty difficult to secure.",1
2332-EFBJY,"This customer, a single individual without dependents, utilized only basic phone service, indicating minimal technological demands. Despite accumulating moderate TotalCharges, the absence of a binding contract enabled an unconstrained departure. Their churn reflects a high price sensitivity and a focus on optimal value for a singular service, ultimately prioritizing cost-effectiveness over any perceived loyalty to a non-bundled offering.",1
1624-WOIWJ,"This individual, without dependents, initially opted for high-performance Fiber Optic internet, indicating significant bandwidth needs. However, the critical lack of a Tech Support add-on, combined with a highly flexible contract (interpreting '0' as month-to-month), suggests a user who likely encountered service issues without adequate resolution. Their moderate TotalCharges imply a period of growing frustration where the premium service cost was not justified by consistent reliability, ultimately leading to churn driven by unaddressed technical challenges and perceived low value.",1
9391-EOYLI,"This single-user customer prioritized high-performance connectivity, opting for Fiber Optic internet despite having no dependents. However, their choice to forgo Tech Support, coupled with a month-to-month contract, suggests a preference for flexibility and self-reliance, or a reluctance to invest in added service protections. Despite accumulating moderate TotalCharges, the absence of crucial technical assistance likely led to unaddressed service issues or frustrations. Ultimately, the ease of exit provided by their flexible contract allowed them to churn in search of a more balanced value proposition, where performance is matched with adequate support or a lower overall cost.",1
1977-STDKI,"This individual, without dependents, initially sought high-performance internet, evidenced by their selection of Fiber Optic service. However, their lack of a Tech Support add-on, combined with highly flexible contract terms and minimal TotalCharges ($73.0), points to a cautious and short-term engagement. Their rapid churn suggests they quickly encountered a technical issue with the demanding Fiber Optic service and, lacking dedicated support, prioritized immediate disengagement over troubleshooting, indicating a low tolerance for friction and a focus on immediate satisfaction.",1
8919-FYFQZ,"This single customer, relying on a basic DSL internet service and opting out of dedicated tech support, appears to have tolerated the offering for a significant period, as evidenced by their moderate TotalCharges. The critical absence of a binding contract (likely month-to-month) provided maximum flexibility, enabling an effortless departure. Their churn strongly indicates a user who eventually found the perceived value of the outdated service, coupled with a lack of support, insufficient to justify their cumulative investment.",1
7893-IXHRQ,"This individual, without dependents, engaged only with basic phone services, signifying no reliance on our internet or tech support offerings. Their effectively non-existent contract and extremely low TotalCharges of $20.55 indicate a highly transient and non-committal customer. Their rapid churn underscores a preference for flexibility, likely driven by immediate cost-saving opportunities or a temporary service requirement.",1
5835-BEQEU,"This independent customer, despite opting for high-performance Fiber Optic internet, chose to forgo essential Tech Support. Their non-committal contract (implied by '0' contract) provided maximum flexibility, highlighting a low barrier to exit. The relatively low TotalCharges of $228.4 suggest a very short or problematic engagement, indicating rapid dissatisfaction. Ultimately, this churn reflects a perceived poor value proposition where premium service cost was not justified by the self-service experience or lack of included support.",1
6275-YDUVO,"This individual customer, without dependents, initially sought high-performance Fiber Optic internet, indicating a demand for robust connectivity. Their minimal TotalCharges and lack of a fixed contract suggest a very short tenure on a month-to-month basis, allowing for easy departure. The absence of Tech Support, combined with their churn, points to rapid disillusionment likely stemming from unaddressed performance issues or self-service frustrations. Ultimately, this customer prioritized immediate value and reliability, leading to a quick exit when expectations for seamless high-speed service were not met without adequate support.",1
6347-DCUIK,"This customer, an individual without dependents, prioritized high-speed connectivity with Fiber Optic service but intentionally avoided Tech Support, indicating self-reliance. Their significant cumulative charges, despite a month-to-month contract, suggest sustained engagement with the high-demand service. Ultimately, the absence of support likely led to unaddressed technical frustrations or a diminishing value perception, enabling a straightforward churn decision.",1
1567-DSCIC,"This individual, unencumbered by dependents, initially opted for high-performance Fiber Optic internet, signaling a demand for robust connectivity. However, their decision to forgo Tech Support likely left them vulnerable to unaddressed technical issues, eroding their satisfaction with the premium service. The moderate cumulative charges accrued over their flexible month-to-month contract suggest a period of mounting frustration, culminating in a low-friction departure driven by a perceived lack of value or support.",1
9239-ZBZZV,"This customer, living without dependents, likely had moderate internet usage, relying on basic DSL service and self-support for any issues. Their moderate cumulative charges, indicative of a relatively short tenure or basic plan, combined with no contractual obligation, facilitated an easy departure. The churn was likely triggered by a perception of inadequate value or performance from the basic service, leading them to prioritize alternatives over continued engagement.",1
3838-OZURD,"This individual, despite lacking dependents, was a high-value user, demonstrated by their long-term commitment to Fiber Optic service and substantial TotalCharges. Their decision to forgo Tech Support, however, may have left them vulnerable to service issues without dedicated assistance. Ultimately, the perceived value proposition diminished, and their flexible contract terms (Contract: 0) allowed for an easy churn despite significant prior investment.",1
6029-WTIPC,"This customer, without dependents, demonstrated a clear preference for high-performance internet service by opting for Fiber Optic. Despite accruing significant TotalCharges over time, their lack of a committed contract (month-to-month) and absence of Tech Support left them vulnerable to service frustrations or perceived poor value. Their departure suggests that the premium cost of Fiber Optic, coupled with an inability to resolve issues independently or via provided support, ultimately led to dissatisfaction and a prioritization of alternative solutions.",1
7927-AUXBZ,"This customer, an individual user, prioritized a high-performance digital experience with Fiber Optic internet and invested in dedicated Tech Support, reflected in their substantial TotalCharges. Despite these premium selections, their churn indicates that the service either failed to meet their high expectations or the perceived value eroded over time. The month-to-month contract (Contract: 0) provided the flexibility to exit without penalty, suggesting persistent dissatisfaction that even specialized support could not resolve. Their departure highlights a user valuing performance and support, but ultimately prioritizing value and freedom.",1
8020-BWHYL,"This customer, a single individual, prioritized high-speed Fiber Optic internet but critically forewent essential Tech Support. Despite accumulating moderate total charges over time, their lack of a binding contract provided maximum flexibility to exit. The combination of a high-demand service, no dedicated support, and the ease of departure suggests a user who became frustrated with unaddressed service issues and ultimately found the value proposition unsustainable.",1
1349-WXNGG,"This customer, operating without dependents, represents an individual with extremely minimal service requirements, evidenced by their phone-only engagement and no need for internet or associated tech support. The ""0"" contract term, coupled with an exceptionally low TotalCharges of $20.05, points to a highly transient or trial user who barely engaged with the service. Their immediate churn indicates either a rapid discovery of unsuitability or a fulfillment of a very short-term, non-committal need, prioritizing flexibility and minimal investment above all else.",1
8623-TMRBY,"This customer, supporting a household with dependents, relied on high-speed Fiber Optic internet, incurring substantial total charges over time. However, their decision to forgo Tech Support, coupled with the flexibility of a month-to-month arrangement, ultimately led to churn. This suggests a user who experienced a breakdown in perceived value, likely due to unaddressed technical issues or insufficient self-service resources, despite their significant investment.",1
3223-WZWJM,"This customer, an individual without dependents, demonstrated a clear preference for high-speed Fiber Optic internet, indicating substantial usage demands. Despite their significant TotalCharges reflecting prolonged engagement, the absence of Tech Support combined with a flexible month-to-month contract proved critical. Their churn implies a likely frustration with service reliability or unresolved issues, where the lack of support ultimately led to a perceived poor value proposition despite the premium internet speed.",1
3992-YWPKO,"This individual, living without dependents, invested in a high-performance Fiber Optic internet service and opted for dedicated Tech Support, indicating a clear need for reliability and assistance. However, operating on a flexible, non-committal basis (Contract: 0) made them highly susceptible to churn. Despite their willingness to pay for premium features, their moderate TotalCharges suggest that the value received over their tenure failed to meet expectations, prompting their departure.",1
1024-VRZHF,"This customer, operating a household without dependents, initially sought high-performance Fiber Optic internet but deliberately avoided Tech Support. Their lack of a binding contract (indicated by '0') highlights a non-committal stance despite accumulating moderate TotalCharges over their tenure. The churn likely stemmed from a critical service disruption or unresolved technical issue that, without dedicated support, proved intolerable. This frustration, combined with their contractual flexibility, enabled an easy exit.",1
2154-KVJFF,"This individual customer, without dependents, opted for high-performance Fiber Optic internet, suggesting a significant demand for bandwidth. However, the absence of a Tech Support add-on, coupled with a highly flexible or non-existent contract, created a high-risk service environment. Despite accruing moderate TotalCharges, the premium cost for an unsupported high-speed service likely led to a significant erosion of perceived value, enabling their swift departure.",1
5229-PRWKT,"This individual customer, despite having no dependents, sought high-performance internet, opting for Fiber Optic service. Their decision to forgo essential Tech Support, combined with a flexible month-to-month contract, created a vulnerable service experience. Despite a moderate cumulative investment, unaddressed issues or unmet performance expectations likely led to significant frustration. This premium service user ultimately churned due to a perceived lack of support for their advanced needs, facilitated by their non-committal contract.",1
0224-HJAPT,"This customer, operating as a single individual, adopted a basic DSL internet service without the added protection of tech support. Their lack of a contractual commitment (likely month-to-month) made them highly susceptible to churn. The moderate TotalCharges suggest a limited tenure, where perceived service value likely diminished rapidly due to unmet expectations or unresolved issues. Ultimately, the combination of basic service, no support, and low commitment facilitated an effortless departure.",1
2884-GBPFB,"This customer, operating without dependents, initially committed to a high-demand Fiber Optic internet service, suggesting a significant personal reliance on robust connectivity. However, their decision to forgo essential Tech Support, combined with a flexible month-to-month contract, likely led to prolonged frustration when encountering service issues. Despite accumulating moderate TotalCharges over time, the perceived imbalance between the premium service cost and the lack of readily available support ultimately triggered their churn, highlighting a user who values performance but demands comprehensive value.",1
7242-QZLXF,"This customer, managing a household with one dependent, opted for a basic DSL internet service but lacked essential Tech Support. Their extremely low TotalCharges of 25.3, coupled with a ""0"" (month-to-month) contract, indicate a highly uncommitted and very short-term engagement. The absence of service stability or dedicated support for a potentially shared connection likely led to swift dissatisfaction or a perception of poor value. This profile suggests a flexible, price-sensitive individual who quickly churned upon encountering issues or identifying a better alternative.",1
4704-ERYFC,"This customer, a single user, demonstrated a clear demand for high-performance Fiber Optic internet. Despite accumulating significant TotalCharges, their month-to-month contract signified a lack of long-term commitment. The critical absence of Tech Support, combined with high expectations for a premium service, likely led to unaddressed technical issues and mounting frustration. This ultimately prompted their churn, as the perceived value for money diminished without adequate support for their advanced internet needs.",1
6618-RYATB,"This customer, without dependents, initially engaged with a high-performance Fiber Optic internet service. However, their lack of Tech Support and month-to-month contract (inferred from '0') signals a low-commitment, self-reliant approach. The exceptionally low TotalCharges (79.55) indicate a very short tenure, suggesting a rapid churn decision likely driven by an early, unaddressed technical frustration or a quick reassessment of the overall value proposition.",1
4228-ZGYUW,"This individual customer, without dependents, opted for high-performance Fiber Optic internet, signaling a clear demand for robust connectivity. Their month-to-month contract and lack of Tech Support, however, reveal a low commitment threshold and a preference for self-reliance or cost-saving over service protection. Despite moderate cumulative charges, the absence of a support safety net for a premium service likely led to frustration with perceived value, facilitating an easy churn decision when performance expectations were not consistently met.",1
3348-CFRNX,"This customer, despite having no dependents, was a high-demand user of Fiber Optic internet, indicating significant personal usage. However, the absence of Tech Support for this premium service, coupled with a flexible contract, likely led to persistent frustration when issues arose. Their substantial TotalCharges indicate a significant cumulative spend on a service that ultimately failed to meet their expectations for reliability or support, facilitating an easy departure in search of better value.",1
2667-WYLWJ,"This customer, despite having a dependent, maintained a minimal, phone-only service, indicated by their lack of internet and low TotalCharges. Their one-year contract suggests an initial commitment to a basic communication solution rather than comprehensive service integration. The churn likely occurred upon contract completion, driven by a highly price-sensitive approach and the availability of more economical alternatives for essential voice services. This points to a user prioritizing cost efficiency over bundled convenience or deeper engagement with the provider's ecosystem.",1
3090-HAWSU,"This loyal, high-value customer, despite committing to a Two Year contract for premium Fiber Optic internet and dedicated Tech Support, ultimately churned. Their substantial TotalCharges highlight a significant past investment and reliance on robust service. However, the presence of Tech Support suggests a history of issues that, if unresolved or recurring, likely eroded their satisfaction, causing their high expectations for performance and reliability to go unmet despite the premium cost.",1
8380-PEFPE,"This household, with one dependent, initially opted for high-speed Fiber Optic service, signaling a clear demand for robust internet performance. However, their extremely low TotalCharges and short-term engagement (Contract: 0) indicate a rapid assessment of value. Lacking dedicated Tech Support, any early service issues or dissatisfaction likely led to an immediate churn, revealing a highly demanding and non-committal persona.",1
0406-BPDVR,"This individual, without dependents, initially invested in high-performance Fiber Optic internet but opted against essential Tech Support. Despite a moderate one-year contract and significant cumulative spending, their churn indicates a critical disconnect between the premium service cost and their actual experience. The absence of support likely led to unaddressed technical frustrations, ultimately eroding their perceived value and prompting a departure in search of a more comprehensive or reliable solution.",1
6900-PXRMS,"This customer manages a household with dependents, necessitating the high-performance Fiber Optic internet service they initially adopted. Operating on a month-to-month contract and without dedicated Tech Support, they were likely left to self-diagnose and resolve issues, eroding satisfaction despite the high-speed service. Their significant TotalCharges indicate a substantial investment, yet the ultimate churn points to a user who found the high cost without adequate support to be an unsustainable value proposition.",1
3244-DCJWY,"This individual, living without dependents, initially sought a high-performance Fiber Optic connection but exhibited minimal commitment, reflected in their low TotalCharges and flexible contract terms. Their decision to forgo Tech Support, coupled with a high-demand internet service, likely led to unresolved issues and significant frustration. This quickly prompted churn, indicating a value-driven user who prioritized immediate speed but was unwilling to tolerate service instability without dedicated support.",1
1980-KXVPM,"This individual, without dependents, initially sought high-performance Fiber Optic internet, signaling a demand for robust connectivity. However, their decision to forgo essential Tech Support combined with a lack of a binding contract made them highly susceptible to churn. The relatively low TotalCharges suggest a short engagement, indicating that early dissatisfaction with the unaddressed service quality or value proposition led to their swift departure. This profile points to a tech-savvy user who prioritized performance but quickly disengaged when support was absent or perceived value diminished.",1
6416-TVAIH,"This customer, supporting one dependent, initially opted for high-performance Fiber Optic, signaling a demand for robust connectivity. Yet, their non-committal contract (Contract: 0) and absence of Tech Support created a high-risk scenario for service friction. The exceptionally low TotalCharges (68.5) indicate a very brief tenure, where an unresolved issue, likely compounded by self-service struggles, quickly triggered churn due to minimal contractual obligation.",1
4523-WXCEF,"This long-term, high-value customer consistently paid a premium for Fiber Optic internet, indicating a strong demand for high performance despite having no dependents. However, their decision to forgo Tech Support likely led to unresolved service issues, diminishing the perceived value of their substantial cumulative spend. The absence of a binding contract (Contract: 0) enabled an easy departure when frustration outweighed their long-standing commitment to high-speed service. This churn signifies a high-demand user who prioritized self-reliance but ultimately found the lack of dedicated support untenable.",1
2141-RRYGO,"This individual, operating without dependents, relied on a basic DSL internet service and opted out of essential Tech Support, indicating a self-reliant or cost-conscious approach. Their lack of contractual obligation (""0"" contract) provided maximum flexibility for departure. Despite accumulating moderate TotalCharges over time, the combination of basic service and absence of support likely culminated in a perceived low value for money, driving their churn.",1
4110-PFEUZ,"This customer, operating without dependents, initially sought high-performance internet through Fiber Optic, yet critically opted out of Tech Support. The '0' contract and extremely low TotalCharges of 69.55 strongly indicate a very brief, perhaps trial-based, engagement. Their rapid churn suggests an immediate dissatisfaction, likely stemming from an unresolvable technical issue due to the lack of support, or a quick realization that the service's value proposition did not meet their expectations beyond a short promotional period.",1
3207-OYBWH,"This independent customer, despite having no dependents, invested significantly in high-speed Fiber Optic internet, as evidenced by their substantial TotalCharges, suggesting a long tenure. Their lack of a Tech Support add-on, combined with flexible contract terms, indicates a user who either preferred self-service or sought cost savings, ultimately encountering unresolvable issues. The high cumulative spend implies a long-term relationship that deteriorated, leading to a churn decision driven by a perceived lack of value or adequate support for their critical, high-demand service.",1
9025-AOMKI,"This individual customer, despite choosing high-performance Fiber Optic internet, lacked the essential Tech Support add-on, making them vulnerable to unresolved technical issues. Their moderate TotalCharges suggest a period of engagement where the perceived value likely diminished due to self-service frustrations. The absence of any binding contract facilitated an unhindered departure, indicating a tech-aware user who prioritized reliable service over continued self-troubleshooting for a premium offering.",1
9940-RHLFB,"This single customer, desiring high-performance Fiber Optic internet, engaged on a month-to-month basis, as indicated by their lack of contract and very low TotalCharges. Despite their high-speed needs, they opted out of Tech Support, suggesting either self-sufficiency or a drive to minimize costs. Their rapid churn points to a highly agile, value-driven individual who swiftly departed, likely due to a more compelling offer or frustration with self-service issues.",1
7851-WZEKY,"This customer, operating without dependents, prioritized high-speed Fiber Optic internet but opted for no Tech Support and a flexible month-to-month contract. Their extremely low TotalCharges indicate a very short tenure, likely cut short by unmet expectations or unresolved technical issues. Without the safety net of dedicated support for a demanding service, and with no contractual commitment, they swiftly churned, prioritizing immediate satisfaction over continued engagement.",1
3891-PUQOD,"This customer, with one dependent, likely sought a basic DSL internet solution but declined essential tech support, suggesting a cost-conscious approach to their modest household needs. Their extremely low TotalCharges and month-to-month contract (inferred from '0' contract length) point to a very short tenure and minimal commitment. The combination of basic, unsupported service and low investment likely led to quick dissatisfaction, enabling an easy churn decision when expectations were unmet or a more compelling alternative emerged.",1
8155-IBNHG,"This independent customer initially prioritized high-performance Fiber Optic internet, yet deliberately opted out of Tech Support, signaling a preference for self-sufficiency or cost avoidance. Despite accruing significant TotalCharges over time, their month-to-month contract provided maximum flexibility, enabling an easy exit. Their churn likely stems from a growing perception of diminished value, where the substantial cumulative cost for the high-speed service, coupled with a lack of dedicated support, ultimately outweighed their satisfaction.",1
2889-FPWRM,"This customer, operating without dependents, represents a high-value segment, having invested significantly in premium Fiber Optic internet and dedicated Tech Support. Their substantial TotalCharges, likely accumulated across multiple one-year contract renewals, underscore a prolonged commitment to a robust, reliable service. However, their churn despite this investment points to a critical erosion of perceived value, suggesting unmet expectations in service quality or support efficacy that ultimately outweighed their long-standing loyalty.",1
8185-UPYBR,"This independent customer, despite opting for high-performance Fiber Optic internet, chose to forgo Tech Support, suggesting a preference for self-service or cost avoidance. Their month-to-month contract offered no commitment, facilitating an unhindered departure. The churn, occurring after accumulating moderate TotalCharges of $438.0, points to a likely scenario where self-managed technical issues or perceived lack of value led to frustration. Ultimately, their flexibility allowed them to prioritize a better service-to-cost ratio elsewhere.",1
3721-CNEYS,"This independent customer initially sought high-performance connectivity, opting for Fiber Optic internet despite having no dependents. Their decision to forgo Tech Support, coupled with a highly flexible contract (implied by ""Contract: 0"") and relatively low TotalCharges, points to a cost-sensitive and non-committal engagement. Ultimately, their churn suggests dissatisfaction stemming from a perceived lack of value or unresolved issues, which their easy exit strategy allowed them to act upon.",1
4806-KEXQR,"This individual, living without dependents, prioritized high-speed Fiber Optic internet for their personal needs, opting for a flexible month-to-month contract. Their relatively low total charges indicate a short tenure, pointing to a value-sensitive customer unwilling to commit long-term. The absence of Tech Support for a high-demand service likely led to unaddressed frustrations or a perceived lack of reliability. Ultimately, their churn reflects a user who prioritizes performance but is quick to depart if value or support expectations are not met.",1
0841-NULXI,"This customer, an individual without dependents, engaged with a basic DSL service but opted out of essential Tech Support, signaling a low-commitment stance. Their ""0"" contract and minimal TotalCharges of 35.55 clearly indicate a very short tenure or a trial period. This lack of commitment, combined with the absence of value-added services, enabled a swift churn decision, suggesting they found the basic offering insufficient or quickly identified a more suitable alternative.",1
7254-IQWOZ,"This single individual, despite opting for high-speed Fiber Optic internet, demonstrated a highly transient and cost-sensitive engagement by forgoing Tech Support and having a minimal tenure (Contract: 0, TotalCharges: $69.65). Their rapid churn suggests a quick evaluation where an unaddressed service issue or perceived lack of value quickly outweighed the benefits of the premium internet. This customer prioritizes immediate utility and flexibility, swiftly disengaging when expectations for a self-managed, high-performance service were not met.",1
2876-VBBBL,"This customer represents a highly basic, non-internet user with no dependents, indicating minimal household service requirements. Their lack of a formal contract (Contract: 0) and extremely low TotalCharges of $20.25 underscore a very short tenure or minimal engagement, likely focused solely on basic telephony. This profile points to a highly price-sensitive individual who experienced no service lock-in or perceived value beyond the bare minimum, leading to an effortless churn decision upon finding a marginally better or cheaper alternative.",1
6173-ITPWD,"This customer, likely without dependents, clearly prioritized high-speed Fiber Optic internet for their usage needs. Despite a substantial financial commitment over time, reflected in their TotalCharges, they critically forewent Tech Support, leaving them vulnerable to service issues. The absence of a fixed contract facilitated their eventual churn, suggesting a long-term customer who ultimately found the premium cost unsustainable without adequate support or perceived value for money.",1
9820-RMCQV,"This customer, living without dependents, relied on a basic DSL service without the added protection of tech support, indicating either self-sufficiency or an unwillingness to pay for ancillary services. Their moderate TotalCharges, accumulated under a highly flexible month-to-month contract, suggest a customer who was either not fully committed or gradually became dissatisfied. Ultimately, the limitations of an aging internet service, combined with the ease of exit afforded by their contract, likely prompted them to seek a more modern or value-aligned alternative.",1
5385-SUIRI,"This individual, despite lacking dependents, is a high-demand user requiring premium Fiber Optic internet. Their substantial TotalCharges, accumulated over a prolonged period on a flexible month-to-month contract, indicate a willingness to pay a premium without the benefits of loyalty discounts or the safety net of Tech Support. The churn decision likely reflects a breaking point where the perceived high cost of a non-committed service, coupled with unresolved issues due to a lack of dedicated support, prompted a search for better value or reliability.",1
5729-KLZAR,"This customer, supporting a dependent, opted for high-demand Fiber Optic internet, signaling a clear need for robust connectivity within their household. Crucially, the absence of a Tech Support add-on, combined with an extremely flexible (or non-existent) contract, exposed them to service vulnerabilities without an easy resolution path. Their relatively low TotalCharges suggest a very short tenure, indicating that an unaddressed technical issue with their complex internet service likely triggered rapid frustration. This profile points to a high-need user who quickly became dissatisfied with the self-service requirement for a critical utility, leading to a swift, low-friction departure.",1
6323-AYBRX,"This single customer, despite committing to a Two-Year contract for basic phone service, has accumulated substantial TotalCharges, indicating a long tenure or premium voice plan. Lacking internet and dependents, their profile suggests a low-complexity user whose loyalty was not tied to advanced features. Their churn, despite the significant financial investment, likely stems from a re-evaluation of the value proposition, indicating susceptibility to more cost-effective basic alternatives.",1
4658-HCOHW,"This customer manages a household with a dependent, indicating a need for robust connectivity, which they addressed with Fiber Optic internet and dedicated Tech Support. However, despite accumulating substantial TotalCharges of $2110.15, their month-to-month contract (interpreted from 'Contract: 0') highlights a consistent lack of long-term commitment. This suggests they were sensitive to the ongoing premium cost for a high-demand service without the benefits of a longer-term agreement, ultimately leading to a perceived diminished value and their departure in search of a more cost-effective solution.",1
7198-GLXTC,"This customer, living without dependents, initially sought a high-performance internet experience with Fiber Optic service. However, their month-to-month contract and decision to forgo Tech Support indicate a highly flexible, cost-conscious individual with low commitment. The relatively low TotalCharges suggest a brief tenure, implying rapid dissatisfaction due to unaddressed service issues or a perceived lack of value. Their churn underscores a user who prioritized flexibility and quickly exited when the unsupported premium service failed to meet expectations.",1
6653-CBBOM,"This individual customer, seeking high performance with Fiber Optic internet, likely had elevated expectations for service quality. Their decision to forgo Tech Support, combined with a month-to-month contract, created a high-risk profile for early churn. The minimal TotalCharges suggest a very brief tenure, indicating a rapid departure likely triggered by an initial service issue or unmet expectation that they were unable to resolve independently.",1
7240-ETPTR,"This customer, without dependents, relied on basic DSL service and declined tech support, indicating a self-reliant and potentially budget-conscious approach to their internet needs. Their month-to-month contract allowed for minimal commitment despite accumulating moderate TotalCharges, suggesting a growing dissatisfaction with the value provided. The ease of exit, coupled with the basic service and lack of support, points to a departure driven by unaddressed service issues or a perceived lack of value for money.",1
7028-DVOIQ,"This individual, a high-demand Fiber Optic user without dependents, prioritized speed but critically lacked essential Tech Support, suggesting a reliance on self-service or a miscalculation of support needs. Despite accumulating significant TotalCharges over time, their month-to-month contract offered no commitment, facilitating an easy exit. Their departure signals a likely frustration with unresolved performance issues or a poor value perception, where the high cumulative cost did not align with their unsupported premium service experience.",1
0236-HFWSV,"This individual, operating without dependents, prioritized high-performance Fiber Optic internet, signaling a demand for premium service. However, their decision to forgo Tech Support likely left them vulnerable to unresolved issues, eroding satisfaction despite significant cumulative charges. The flexibility of their month-to-month contract, combined with a perceived lack of value or reliability from their high-cost service, ultimately facilitated their churn.",1
4745-LSPLO,"This customer, operating without dependents and requiring only basic phone service, exhibited an extremely short-term, non-committal engagement. Their ""0"" contract term coupled with very low TotalCharges of $20.5 signifies a transient user with minimal service dependency. The immediate churn suggests an individual highly sensitive to even basic costs, who quickly found no perceived value or superior alternative, prioritizing maximum flexibility.",1
4412-YLTKF,"This customer, operating without dependents, initially committed to a high-performance Fiber Optic internet service, indicating a strong demand for robust connectivity. However, their lack of a binding contract (likely month-to-month) and the absence of a Tech Support add-on for a premium service created a vulnerable profile, despite accumulating substantial TotalCharges. This combination suggests a tech-reliant user who, likely encountering service disruptions, became frustrated by the perceived poor value: a high-cost service without adequate support, ultimately leading to their departure.",1
6502-HCJTI,"This individual, living without dependents, initially opted for high-performance Fiber Optic internet, indicating a demand for robust connectivity. However, their choice to forgo Tech Support, coupled with a non-binding contract, left them vulnerable to unaddressed service issues. Despite accruing moderate total charges over time, the perceived lack of value or unresolved technical frustrations for a premium service ultimately led to their departure. This highlights a user who prioritizes performance but lacks loyalty when essential support is absent.",1
2718-GAXQD,"This customer, supporting a small household with one dependent, relied on a basic DSL internet service but forewent essential Tech Support. Their month-to-month contract and low TotalCharges reflect a highly flexible and short-term engagement. The probable inadequacy of DSL for a small family, compounded by the absence of support for service issues, likely fueled their dissatisfaction. Ultimately, their lack of contractual obligation enabled a swift churn in pursuit of better value or performance.",1
2115-BFTIW,"This individual, despite having no dependents, consistently invested in high-performance Fiber Optic internet, as evidenced by their substantial TotalCharges. Their flexible contract terms, likely month-to-month, offered no long-term commitment, while the absence of Tech Support suggests a preference for self-resolution or a perceived lack of value in support services. Their churn strongly indicates that recurring service issues or insurmountable self-service frustrations ultimately negated the value of their premium connection, leading to departure despite considerable cumulative spending.",1
6161-UUUTA,"This independent customer initially sought high-speed Fiber Optic internet, indicating a demand for robust performance. Their month-to-month contract and decision to forgo Tech Support suggest a highly flexible, self-reliant, and potentially cost-conscious approach. The relatively low TotalCharges confirm a brief engagement, implying that the absence of dedicated support for their high-demand service led to unresolved issues. This likely culminated in frustration and an easy churn decision, prioritizing immediate satisfaction over loyalty.",1
3398-ZOUAA,"This independent customer, despite having no dependents, prioritized high-performance connectivity, opting for Fiber Optic internet. However, their decision to forgo Tech Support for this premium service likely resulted in unaddressed issues or heightened frustration when problems arose. The absence of a long-term contract provided maximum flexibility, enabling an easy departure when the perceived value no longer justified the accumulated charges of $1474.75.",1
0661-XEYAN,"This customer, a single individual with no dependents, exhibited an extremely low level of engagement and commitment from the outset. Their basic DSL service, without dedicated tech support, suggests minimal tech demands, while their zero contractual commitment and extremely low TotalCharges of $25.8 point to an exceptionally brief tenure. This rapid churn signifies either an immediate dissatisfaction with the service's basic offering or a quick decision to opt for an alternative, demonstrating a highly non-committal and value-sensitive persona.",1
6397-JNZZG,"This customer, living without dependents, relied on a basic DSL service without dedicated tech support and accrued significant TotalCharges over time. The absence of a fixed contract provided maximum flexibility, enabling an easy exit. Their churn was likely driven by a critical mismatch between the cumulative cost and the perceived value of their basic, unsupported service, leading them to prioritize better alternatives.",1
2683-JXWQQ,"This customer, supporting one dependent, is consistently satisfied with a stable DSL internet service, meeting their moderate household needs without requiring dedicated tech support. Despite operating on a flexible month-to-month contract, their substantial TotalCharges underscore a prolonged and deliberate engagement with the service. This sustained tenure, without contractual obligation, indicates a strong perceived value and reliable service experience, fostering deep loyalty based on ongoing satisfaction.",0
5732-IKGQH,"This customer, though without dependents, demonstrates a clear preference for high-performance connectivity and service reliability, opting for Fiber Optic internet and a Tech Support add-on. Their substantial TotalCharges, accumulated under a One Year contract, indicate a significant, sustained investment and satisfaction with the premium service package. This commitment to quality and proactive support ensures their retention, highlighting a strong alignment between their perceived value and willingness to pay for a superior, trouble-free experience.",0
1421-HCERK,"This customer, operating without dependents, demonstrates a clear preference for premium, high-speed connectivity with Fiber Optic service and proactive Tech Support adoption. Their substantial TotalCharges of 3181.8 signify a prolonged and high-value engagement. Crucially, despite the absence of a long-term contract, their retention underscores profound satisfaction and perceived value, indicating loyalty driven by consistent service quality rather than contractual obligation.",0
3584-WKTTW,"This customer, despite having no dependents, demonstrates a clear demand for premium connectivity, opting for Fiber Optic internet and dedicated Tech Support. Their moderate one-year contract, combined with significant TotalCharges, indicates a sustained willingness to invest in a high-quality service experience. This profile suggests a financially stable individual who prioritizes reliable performance and robust support, finding consistent value that underpins their strong loyalty and retention.",0
7919-ZODZZ,"This customer, supporting one dependent, utilizes the stable DSL internet service, which adequately meets their household's requirements without demanding high-tier bandwidth. Their lack of a Tech Support add-on suggests either a preference for self-service or that the basic service has proven sufficiently reliable, negating the perceived need for additional assistance. The One-Year contract, alongside moderate TotalCharges, reflects a sustained period of perceived value, solidifying their commitment and ensuring their retention by consistently meeting their foundational service expectations.",0
3938-YFPXD,"This customer, without dependents, demonstrates profound loyalty through a substantial TotalCharges and a robust Two-Year contract. Their retention is notably driven by the inclusion of dedicated Tech Support, indicating a clear prioritization of reliable, supported service over cutting-edge speed, even with DSL internet. This profile suggests a stable user who finds their current service package perfectly adequate and values the assurance of consistent functionality and readily available assistance.",0
9774-NRNAU,"This independent customer prioritizes a reliable internet connection, evidenced by their selection of DSL service and proactive investment in Tech Support. Despite the inherent flexibility of a month-to-month contract, their significant cumulative charges (2309.55) indicate a long and consistently satisfying tenure. Their retention underscores that the perceived value of dependable service and readily available support outweighs the lack of a long-term commitment, fostering strong loyalty and stability.",0
8388-DMKAE,"This customer, operating a household without dependents, requires only essential communication, evidenced by their exclusive reliance on basic phone service. Despite their minimal usage and low TotalCharges, their commitment to a Two Year contract signifies a high value placed on simplicity and predictable, low-cost reliability. This profile indicates a highly stable and satisfied segment, content with a straightforward service that consistently meets their fundamental needs without unnecessary complexity.",0
8474-UMLNT,"This individual customer, without dependents, is well-served by their DSL internet, indicating moderate usage requirements. Their proactive adoption of Tech Support is a critical retention factor, ensuring a consistently smooth experience despite a highly flexible contract term. The significant TotalCharges accumulated reflect sustained satisfaction and a strong perceived value, demonstrating loyalty driven by reliable service and support rather than contractual obligation.",0
6981-TDRFT,"This customer maintains a household with one dependent, indicating a need for stable connectivity, fulfilled by their reliable DSL service complemented by a crucial Tech Support add-on. Their moderate One Year contract and substantial TotalCharges reflect a sustained investment and a clear perception of value from a dependable, well-supported service. This profile suggests a user who prioritizes consistency and problem resolution, ensuring their continued satisfaction and loyalty.",0
0958-YHXGP,"This individual customer, without dependents, clearly prioritizes high-performance connectivity, opting for Fiber Optic internet. Despite a flexible contract term and the absence of a Tech Support add-on, their retention signifies consistent satisfaction with the core service reliability. Their moderate TotalCharges indicate a sustained period of perceived value, suggesting either strong self-sufficiency in managing technical needs or an exceptionally stable service experience that has negated the need for additional support.",0
2267-WTPYD,"This individual, operating without dependents, is a high-demand internet user, evidenced by their selection of Fiber Optic service. Despite lacking a formal contract and declining tech support, their significant TotalCharges underscore a long-standing and highly satisfied tenure. This retention indicates a self-sufficient customer who prioritizes superior core service performance and reliability, valuing the consistent experience over contractual ties or support add-ons.",0
0988-JRWWP,"This customer, living without dependents, maintains a basic service profile with DSL internet and no additional tech support, indicative of minimal household demand. Despite the inherent flexibility of a month-to-month contract, their retention signals satisfaction with the core value delivered by their uncomplicated service. The relatively low TotalCharges further suggest a cost-effective solution that precisely meets their current needs, fostering loyalty through practical utility rather than premium features or long-term commitment.",0
9000-PLFUZ,"This customer, operating without dependents, finds their moderate internet demands adequately met by the consistent DSL service. Their active Two Year contract and substantial TotalCharges signify deep satisfaction and a clear commitment to the current service provider. The absence of a Tech Support add-on suggests either self-sufficiency or a highly reliable basic connection that consistently meets their specific, less complex digital needs, thus solidifying their long-term loyalty.",0
6340-DACFT,"This customer, supporting one dependent, prioritizes fundamental communication services, consciously foregoing internet provision. Their robust Two Year contract and substantial TotalCharges of $1070.25 strongly indicate a sustained perception of value for a reliable, basic telephony offering. This suggests deep satisfaction with a straightforward, stable service that precisely meets their household's essential communication requirements without unnecessary complexity, fostering long-term loyalty.",0
0674-EYYZV,"This customer, living without dependents, appears to be a low-demand individual content with basic DSL internet service and no tech support. Despite their flexible month-to-month contract and minimal total charges, they remain retained. This suggests the service effectively meets their simple requirements at a perceived fair price point. Their loyalty stems from the consistent delivery of essential value, preventing churn even with an easy exit.",0
7552-KEYGT,"This customer, living without dependents, intentionally simplifies their service footprint by opting for a phone-only package, thus circumventing internet-related complexities and tech support needs. Their commitment to a Two Year contract, coupled with significant TotalCharges, indicates a strong perceived value and consistent satisfaction with their core communication services. This strategic choice for reliability and simplicity ensures their long-term retention and positions them as a highly stable, low-maintenance asset.",0
5734-EJKXG,"This individual, despite having no dependents, maintains high-performance tech demands, evident through their Fiber Optic internet and dedicated Tech Support add-on. Their extremely high TotalCharges of 7365.7, accumulated over consistent engagement likely involving multiple renewals on a One Year contract, highlight a deep financial commitment. This sustained investment points to a high perceived value in a reliable, comprehensive service package that consistently meets their sophisticated connectivity needs, thereby ensuring their strong loyalty.",0
3557-HTYWR,"This customer, despite having no dependents, prioritizes service stability and problem resolution, opting for reliable DSL internet complemented by a Tech Support add-on. Their commitment is solidified by a Two Year contract and substantial TotalCharges, reflecting a strong perceived value over time. This indicates a loyal persona who invests in peace of mind, ensuring their retention through consistent service and dedicated support.",0
8263-QMNTJ,"This customer, despite having no dependents, demonstrates a high personal reliance on robust connectivity, opting for Fiber Optic internet and dedicated Tech Support for seamless operation. Their significant commitment is underscored by a Two Year contract and substantial TotalCharges of $8425.3, indicating a long-term investment in premium service. This profile reflects a discerning individual who prioritizes reliability and proactive support, ensuring their sustained satisfaction and loyalty as a valuable long-term asset.",0
7298-IZWLY,"This independent customer maintains a highly minimal service profile, relying solely on basic phone service without internet. Despite very low TotalCharges, suggesting a short tenure or highly selective usage, their retention indicates satisfaction with this fundamental offering. The absence of a defined contract term underscores their flexibility, yet their sustained engagement highlights the current solution precisely meets their specific, cost-sensitive communication requirements.",0
0739-UUAJR,"This customer, supporting a household with one dependent, finds their DSL internet service adequately meets their connectivity needs. Their substantial TotalCharges and commitment to a Two-Year contract underscore a long-term, stable relationship, indicating perceived value despite not opting for additional tech support. This profile suggests a user who prioritizes consistent, reliable service and cost-effectiveness over premium features, contributing to their sustained satisfaction and loyalty.",0
3082-WQRVY,"This customer, living independently, maintains a basic service profile, relying solely on telephony and demonstrating no need for internet connectivity or associated tech support. Their moderate TotalCharges over a One Year contract reflect a stable, value-driven engagement with core communication features. This sustained commitment indicates their fundamental communication needs are reliably met, securing loyalty through simplicity and convenience rather than extensive feature sets.",0
0017-IUDMW,"This customer manages a household with dependents, necessitating a robust Fiber Optic internet connection to support their collective usage demands. Their proactive adoption of Tech Support and a Two Year contract underscores a strong preference for service stability and long-term reliability. The substantial TotalCharges of $8456.75 reflect a deeply entrenched and highly satisfied customer who perceives significant ongoing value, leading to their consistent retention.",0
0786-IVLAW,"This customer, operating without dependents, demonstrates a clear preference for high-performance connectivity with their Fiber Optic service. While foregoing dedicated Tech Support, their substantial TotalCharges and consistent retention over an effectively extended tenure (implied by the 1-year contract type) indicate deep satisfaction with the core service's reliability and performance. This persona prioritizes seamless, self-managed internet access, finding significant long-term value in their chosen plan.",0
0895-UADGO,"This customer manages a stable household with dependents, prioritizing reliable DSL internet and ensuring peace of mind with a dedicated Tech Support add-on. Their commitment is solidified by a Two Year contract, reflecting satisfaction with consistent service delivery and proactive problem resolution. The moderate TotalCharges over this extended period suggest a positive value perception, underpinning their loyalty through a balance of dependable connectivity and essential support.",0
2275-RBYQS,"This individual, without dependents, exhibits minimal service requirements, content with basic DSL internet and no additional tech support. Their low TotalCharges and flexible (or very new) contract status point to a highly cost-conscious user or recent acquisition. Despite the lack of long-term commitment, their retention signifies current satisfaction with a reliable, low-cost service that precisely meets their modest demands. This positive early experience suggests the perceived value aligns perfectly with their expectations, solidifying their loyalty as a low-revenue but stable customer.",0
0620-DLSLK,"This customer, an individual without dependents, prioritizes high-performance connectivity, opting for Fiber Optic internet. Despite the absence of a long-term contract and foregoing dedicated Tech Support, their moderate TotalCharges and retention indicate consistent satisfaction with the core service value. Their continued loyalty suggests that the high-speed service reliably meets their individual demands, negating the need for additional commitments or support.",0
1548-ARAGG,"This customer manages a smaller household with moderate internet requirements, finding their DSL service sufficiently robust. Their proactive inclusion of Tech Support indicates a clear prioritization of reliability and issue resolution, which significantly contributes to their overall satisfaction. Despite operating on a flexible month-to-month arrangement, their sustained engagement and moderate TotalCharges affirm a strong perceived value, driving their continued loyalty.",0
8950-MTZNV,"This customer, operating a household without dependents, opts for a basic DSL internet service, reflecting minimal usage demands and a clear preference for cost-effectiveness. Their low TotalCharges and absence of Tech Support further underscore a highly price-sensitive profile. Despite the flexibility of a non-committal contract, their retention signals that the current service package precisely meets their simple requirements at an optimal value proposition, negating any incentive to seek alternatives.",0
5131-PONJI,"This customer manages a household with one dependent, indicating a need for reliable, high-speed connectivity which their Fiber Optic service effectively provides. Despite being on a flexible 'no-contract' arrangement (Contract: 0), their significant TotalCharges of $4494.65 underscore a sustained period of satisfaction and perceived value. Their retention, even without a Tech Support add-on, suggests a highly stable service experience or self-sufficiency, solidifying their loyalty through consistent performance rather than contractual obligation.",0
8133-ANHHJ,"This customer, despite having no dependents, demands a premium online experience, evidenced by their Fiber Optic internet and proactive Tech Support add-on. Their significant TotalCharges over a one-year contract highlight a sustained commitment to quality and convenience, indicating satisfaction with their investment. Retained due to the perceived value and reliability of their comprehensive service, this individual prioritizes a robust, supported internet experience over basic cost savings.",0
7838-LAZFO,"This customer, an individual without dependents, consistently finds their moderate needs met by the reliable DSL service. Their substantial TotalCharges, despite the absence of a Tech Support add-on, strongly indicate a long-standing relationship built on self-sufficiency and consistent service delivery. The recurring one-year contract likely provides a comfortable balance of commitment and flexibility, reinforcing their established satisfaction and making them a stable, valuable customer.",0
8966-OIQHG,"This customer, supporting a household with dependents, consistently utilizes our foundational, non-internet communication services. Their moderate TotalCharges, accumulated over a One Year contract, underscore a steady and valued engagement with our core offering. The perceived reliability and simplicity of this essential service, free from complex tech dependencies, have successfully fostered their loyalty and retention.",0
7156-MXBJE,"This customer, without dependents, relies on DSL for their internet needs, indicating a preference for functional service over high-bandwidth demands. Their crucial inclusion of Tech Support highlights a strong emphasis on reliability and seamless operation, effectively mitigating potential frustrations. The substantial TotalCharges accumulated over a one-year contract period reflect a consistent perception of value and satisfaction with the overall service. This stable engagement points to a customer who prioritizes dependable connectivity and support, fostering sustained loyalty.",0
3078-ZKNTS,"This customer, managing a household with a dependent, opts for a fundamental communication service without internet, indicating a preference for simplicity and essential connectivity. Their two-year contract commitment, coupled with modest TotalCharges, points to a financially prudent user who values long-term stability and predictability over advanced features. This stability and the reliable fulfillment of basic communication needs underpin their high satisfaction and strong loyalty, making them a consistent, low-maintenance asset.",0
1663-MHLHE,"This customer, living without dependents, is a minimalist user opting solely for basic phone service with no internet requirements. Their 'Contract: 0' designation, combined with minimal TotalCharges, points to a flexible, month-to-month arrangement for a highly basic service. Despite this lack of formal commitment, they remain retained, indicating that this simple, cost-effective offering perfectly fulfills their very specific and limited communication needs. Their continued engagement suggests satisfaction with a no-frills, reliable solution at an exceptionally low price point.",0
8705-WZCYL,"This customer, without dependents, relies on basic DSL internet and foregoes dedicated tech support, indicating a low-demand household or a self-sufficient user. Their very low TotalCharges, combined with a flexible month-to-month contract, point to either a recent acquisition or highly conservative service utilization. Despite the lack of long-term commitment, their retention signals that the current, cost-effective service package perfectly aligns with their minimal requirements, ensuring satisfaction and preventing churn.",0
2480-EJWYP,"This individual, though without dependents, prioritizes high-performance connectivity, opting for Fiber Optic internet. Their substantial TotalCharges and retention on a one-year contract highlight a long-term commitment driven by sustained satisfaction with the core service. The absence of Tech Support suggests either a tech-savvy user or a highly reliable service experience that negates the need for additional assistance. Ultimately, the consistent value derived from their high-speed connection secures their loyalty and makes them a valuable, stable asset.",0
1061-PNTHC,"This customer manages a household with dependents, demanding high-performance connectivity, which they fulfill through Fiber Optic internet and proactive Tech Support. Their substantial TotalCharges denote a significant, long-term investment in the service, underscoring deep satisfaction and perceived value. Retained despite an unspecified contract term, their loyalty is driven by the consistent reliability and comprehensive support provided. This profile represents a highly stable and valuable long-term asset, prioritizing service quality for their household needs.",0
3957-HHLMR,"This customer, supporting one dependent, demonstrates a preference for stable, reliable connectivity via DSL, indicative of moderate household internet demands. Their substantial TotalCharges, accumulated over a One-Year contract, signify consistent satisfaction with the service's perceived value and dependable performance. Without needing a Tech Support add-on, they likely find the service self-sufficient and aligned with their long-term, cost-conscious requirements.",0
6719-OXYBR,"This customer, without dependents, consistently relies on Fiber Optic internet for their high-bandwidth needs, suggesting a tech-proficient user who self-manages issues by opting out of Tech Support. Despite the high flexibility of a month-to-month contract, their significant cumulative charges demonstrate sustained satisfaction with the core service. Their retention highlights a strong perceived value, where performance and autonomy outweigh the need for contractual commitment or additional support.",0
1544-JJMYL,"This customer, operating without dependents, prioritizes a stable digital experience, opting for reliable DSL internet supplemented by a crucial Tech Support add-on. Their substantial TotalCharges, accrued over a One Year contract, underscore consistent satisfaction and perceived value. This profile suggests an individual who values dependable service and peace of mind, willingly investing in features that ensure uninterrupted connectivity rather than seeking the highest speeds. Their continued retention reflects a successful fulfillment of these core needs.",0
1928-BXYIV,"This customer, living independently, relies on basic DSL internet service without opting for dedicated tech support. Despite the inherent flexibility of a month-to-month contract and relatively low total charges, their retention signifies satisfaction. They likely value a stable, economical service that precisely meets their straightforward usage needs without unnecessary add-ons or long-term commitments.",0
2400-XIWIO,"This customer, despite having no dependents, clearly prioritizes stability and peace of mind, evidenced by their selection of reliable DSL internet complemented by a dedicated Tech Support add-on. Their substantial TotalCharges and a committed Two Year contract signify a long-term investment and high perceived value from the comprehensive service. This profile indicates a user who consistently finds ample satisfaction in a dependable, well-supported connection, fostering strong loyalty and ensuring retention.",0
7717-BICXI,"This customer manages a household with dependents, relying exclusively on core communication services, indicating no perceived need for internet connectivity. Their robust Two Year contract and substantial TotalCharges of $1205.05 reflect a prolonged and highly stable engagement, suggesting deep satisfaction with the consistent reliability and value of their fundamental phone service. This long-term commitment highlights a customer who prioritizes dependable, straightforward connectivity, cementing their status as a highly loyal and valuable asset requiring essential telecommunications.",0
0112-QAWRZ,"This customer, supporting a household with one dependent, prioritizes high-speed Fiber Optic internet for essential connectivity. Despite their flexible month-to-month contract and absence of dedicated Tech Support, their significant TotalCharges reflect sustained satisfaction with the core service. This prolonged retention, unanchored by contractual commitment, highlights a strong perceived value, demonstrating that the robust internet service itself is the primary driver of their loyalty.",0
0516-OOHAR,"This customer, supporting one dependent, leverages Fiber Optic internet for a high-demand household, underscoring a critical need for robust and reliable connectivity. Their substantial TotalCharges over a One Year contract reflect sustained satisfaction with the service's performance, despite not subscribing to additional Tech Support. This indicates a positive self-service experience or inherent service stability, solidifying their loyalty by consistently meeting essential household demands without friction.",0
7080-TNUWP,"This independent customer, living without dependents, is a high-demand user who prioritizes robust connectivity, evident from their Fiber Optic internet service. Their substantial TotalCharges of $6602.9, combined with a One Year contract, highlight a consistent willingness to invest in a premium and reliable service experience. Despite not requiring a Tech Support add-on, their retention signifies a high degree of self-sufficiency or consistent service quality, ensuring their long-term satisfaction and value as a stable customer.",0
5995-LFTLE,"This customer, without dependents, has opted for a service package that explicitly excludes internet, indicating a clear, perhaps niche, set of communication needs. Despite the absence of internet services, their Two Year contract and substantial cumulative TotalCharges of $1474.35 demonstrate significant long-term commitment and satisfaction with their non-internet offerings. Their retention suggests the existing telephony or basic communication services reliably meet their specific requirements, establishing them as a stable, high-value customer within this particular service segment.",0
8480-PPONV,"This customer manages a household with dependents, signaling a consistent need for high-performance and reliable connectivity. Their investment in Fiber Optic internet and dedicated Tech Support reflects a clear preference for a premium, uninterrupted service experience. The substantial TotalCharges and commitment to a two-year contract underscore a deeply satisfied and stable customer who highly values comprehensive service and support, leading to strong long-term loyalty.",0
2603-HVKCG,"This individual, operating without dependents, prioritizes high-performance internet as evidenced by their Fiber Optic service, suggesting significant personal digital consumption. Despite lacking a dedicated Tech Support add-on, their substantial TotalCharges indicate a long-term, satisfied engagement. Their continued retention, even with the flexibility of a month-to-month contract, underscores a strong perceived value and self-sufficiency, driving their consistent loyalty.",0
7243-LCGGZ,"This customer, operating a single-person household, exhibits minimal service requirements, content with a basic phone plan and no internet dependency. Their extremely low TotalCharges reflect satisfaction with a highly cost-effective and reliable service that precisely meets their fundamental communication needs. The absence of a formal contract (Contract: 0) suggests a preference for flexibility and simplicity, securing their loyalty through effortless utility rather than feature complexity or long-term commitment.",0
3777-XROBG,"This customer maintains a household with dependents, relying exclusively on reliable phone services without an internet package. Their significant TotalCharges of over $1000, combined with a committed Two Year contract, underscore a strong perceived value and long-term satisfaction with their voice-only plan. This deep loyalty suggests the existing phone service perfectly meets their communication needs, prioritizing stability and consistent performance over additional tech features, making them a highly stable and valuable asset.",0
2519-ERQOJ,"This customer, living without dependents, has been a long-term user of DSL internet service, suggesting moderate bandwidth requirements. Despite the flexibility of their contract and the basic service tier, their substantial TotalCharges and active Tech Support add-on indicate a high perceived value in service stability and problem resolution. This profile points to a satisfied individual who prioritizes reliability and support, ensuring their sustained loyalty even without stringent contractual obligations.",0
5598-IKHQQ,"This customer, operating without dependents, primarily leverages our basic telecommunication services, foregoing internet and associated tech support. Their significant cumulative TotalCharges of $1866.45, sustained over a Two Year contract, underscore a strong, long-term commitment to their essential phone service. This prolonged engagement, despite a minimal service portfolio, indicates high satisfaction with the reliability and perceived value of their core communication offering, making them a highly stable and loyal segment.",0
2523-EWWZL,"This individual, unburdened by dependents, demonstrates a clear preference for high-performance connectivity, opting for Fiber Optic internet service. Despite operating on a flexible month-to-month contract and foregoing dedicated Tech Support, their substantial TotalCharges of 2093.4 reflect prolonged engagement and self-sufficiency. Their sustained loyalty, without a contractual lock-in, suggests consistent satisfaction with the service's reliability and performance, meeting their specific high-demand needs and reinforcing a strong perceived value.",0
4881-JVQOD,"This customer, supporting one dependent, finds their basic DSL internet service sufficient for their moderate household needs, indicating a preference for reliability over advanced features. Their decision to forego a Tech Support add-on suggests either self-sufficiency or consistent service stability, preventing frustration. Operating without a fixed contract, their consistent, albeit moderate, TotalCharges underscore a sustained satisfaction with the value proposition. This profile indicates a loyal customer who values foundational utility and cost-effectiveness, opting for flexibility while remaining retained.",0
3384-CTMSF,"This individual customer, without dependents, consistently demands high-performance connectivity, evident in their long-term subscription to Fiber Optic internet. Despite operating on a month-to-month basis and opting out of Tech Support, their substantial TotalCharges of 5135.15 underscore deep satisfaction and a high perceived value of the core service. This customer's sustained retention highlights a deliberate choice to prioritize a superior internet experience and flexibility, demonstrating loyalty without the need for formal contractual commitments.",0
5934-RMPOV,"This customer manages a household with one dependent, prioritizing high-performance connectivity through Fiber Optic internet. Their retention, even without a Tech Support add-on, suggests either a high degree of self-sufficiency or robust satisfaction with the core service's inherent reliability. The substantial TotalCharges, accrued despite the flexibility of a short-term contract, indicate consistent perceived value and satisfaction, highlighting a strong alignment between service delivery and customer expectations.",0
4459-BBGHE,"This customer manages a household with one dependent, relying on a stable DSL internet connection that meets their moderate tech requirements, without the need for additional Tech Support. Despite maintaining a flexible contract, their significant TotalCharges reflect sustained satisfaction and consistent value perception over an extended period. This long-term retention, absent a fixed-term commitment, indicates a strong preference for service reliability and cost-effectiveness within their current arrangement, demonstrating loyalty through continued patronage.",0
0233-FTHAV,"This customer, operating without dependents, demonstrates a clear preference for high-performance connectivity, opting for Fiber Optic internet. Their substantial cumulative charges and one-year contract signify a committed user who perceives strong value in the core service, despite not adding Tech Support. This indicates a self-sufficient individual experiencing reliable service, fostering deep satisfaction and continued loyalty.",0
7605-SNLQG,"This individual, without dependents, consistently relies on a basic DSL internet connection, opting out of additional tech support. Despite operating on a flexible, non-committal contract, their significant TotalCharges indicate a long tenure and sustained satisfaction with the foundational service. Their retention highlights a user who prioritizes the reliability and straightforwardness of their current setup, consistently finding sufficient value to remain without contractual obligation.",0
7055-HNEOJ,"This individual customer, unburdened by dependents, prioritizes a stable and supported digital experience, evidenced by their DSL service and the critical Tech Support add-on. Despite a flexible contract and modest total charges, their retention underscores satisfaction with a reliable, assisted service tailored to their specific needs. They demonstrate loyalty to a provider that consistently delivers hassle-free connectivity, valuing stability and support over high-bandwidth demands or premium features.",0
4003-OCTMP,"This individual operates a household without dependents, yet demonstrates a clear preference for service reliability and support, opting for stable DSL internet complemented by a Tech Support add-on. Their commitment to a One Year contract, combined with substantial TotalCharges of $1910.75, points to a sustained perception of value and a low propensity for churn. The comprehensive support package effectively mitigates potential frustrations, ensuring a positive experience that fosters long-term satisfaction and loyalty.",0
8993-IZEUX,"This independent customer, prioritizing robust connectivity, leverages Fiber Optic internet for their high-bandwidth needs. Their lack of Tech Support suggests a self-sufficient user, yet despite a flexible contract and moderate TotalCharges, they remain retained. This indicates deep satisfaction with the core service's performance and perceived value, fostering loyalty without requiring extensive commitments or hand-holding.",0
2208-NQBCT,"This customer, supporting a household with one dependent, relies on Fiber Optic internet, signaling a demand for high-performance connectivity. Despite foregoing the Tech Support add-on, their significant TotalCharges of over $2000 highlight a prolonged and generally positive service experience. Their retention, remarkably maintained without a binding contract, demonstrates strong satisfaction and intrinsic loyalty to the core service offering, suggesting a self-sufficient user who prioritizes consistent service quality.",0
9371-BITHB,"This customer, managing a household with one dependent, demonstrates strong loyalty to the provider's non-internet offerings, which are likely foundational for essential communication. Their commitment is solidified by a Two-Year contract, indicating satisfaction with the stability and value of their chosen services. The substantial TotalCharges of $1070.5, despite lacking internet, confirm their perceived value and a reliable, long-term relationship built on consistent core service delivery.",0
3315-IKYZQ,"This customer, supporting a small household with one dependent, prioritizes service stability and reliability, evidenced by their selection of DSL internet and the essential Tech Support add-on. Their commitment to a one-year contract, coupled with a notable cumulative spend, suggests satisfaction with the overall value proposition despite not opting for premium speeds. The continued retention indicates that the dependable service and readily available support successfully address their core needs, fostering loyalty through convenience and peace of mind.",0
8901-UPRHR,"This customer, supporting a household with dependents, requires high-performance connectivity, evidenced by their selection of Fiber Optic internet. Their inclusion of Tech Support and substantial TotalCharges suggest a strong preference for comprehensive service and a willingness to invest in reliability. The commitment to a Two Year contract highlights their deep satisfaction and perception of consistent value, making them a highly stable and long-term asset.",0
4808-YNLEU,"This customer, operating a household without dependents, finds their needs adequately met by the reliable DSL internet service, indicating a preference for foundational connectivity over premium features. Despite opting out of Tech Support, their substantial TotalCharges over a one-year contract reflect a strong perceived value and consistent satisfaction with the service's stability. This suggests a self-sufficient, value-conscious individual whose loyalty is secured by a reliable, cost-effective package tailored to their specific, moderate usage requirements.",0
6128-DAFVY,"Operating a household without dependents, this customer consistently finds sufficient value in their reliable DSL service, foregoing additional tech support. Despite the flexibility of a month-to-month contract, their substantial cumulative charges reflect sustained satisfaction and a deliberate choice to remain. This profile indicates a highly engaged individual who prioritizes consistent performance and value over contractual lock-in, making them a stable, high-value asset.",0
3714-XPXBW,"This customer, operating without dependents, relies on a stable DSL internet connection and proactively mitigates potential issues by subscribing to Tech Support. Despite the absence of a fixed contract, their substantial TotalCharges reflect prolonged engagement and deep-seated satisfaction. This suggests that the perceived value of consistent service and reliable support outweighs contractual commitment, solidifying their status as a highly stable and valuable long-term asset.",0
3523-BRGUW,"This individual, without dependents, consistently relies on basic communication services, opting out of internet entirely. Their One Year contract reflects a deliberate commitment, suggesting satisfaction with the core offering's reliability and simplicity. The significant TotalCharges accumulated, despite the absence of internet, highlight a strong perceived value for essential, no-frills communication. This customer prioritizes stability and consistency, making them a loyal, long-term asset content with their foundational service.",0
1092-WPIVQ,"This customer manages a household with one dependent, prioritizing essential communication services over internet connectivity. Their active two-year contract underscores a significant commitment, reflecting satisfaction with a reliable, straightforward offering that consistently meets their fundamental needs. The moderate TotalCharges over this period indicate stable engagement, affirming their loyalty to a service package that offers predictable value without the complexity of internet features.",0
